provider_id,name,specialty,location
0,Marquez-Guzman,Cardiology,Gillespieberg
1,"Clark, Mora and Smith",Orthopedics,Smithhaven
2,"Collins, Hart and Ryan",Dermatology,Port Heather
3,"Smith, Payne and Villa",Dermatology,Lake Cindyfurt
4,Alvarado Ltd,Orthopedics,East Douglas
5,"Butler, Reyes and Long",Orthopedics,Rebeccaburgh
6,"Leon, Hart and Martin",Cardiology,New Ashleyburgh
7,Wu Group,Dermatology,North Brian
8,Decker-Wells,Cardiology,Port Anne
9,"Boyle, Schmidt and Bond",Cardiology,West Kenneth
10,White-Bennett,Dermatology,West Heathermouth
11,"Harrington, Lopez and Edwards",Dermatology,Lake Brianaview
12,"Gonzales, Robertson and Parks",Orthopedics,New Chaseshire
13,"Andersen, Holmes and Sherman",Orthopedics,Hansenburgh
14,Clay and Sons,Orthopedics,North Michelle
15,Powers LLC,Cardiology,East Crystal
16,Rodriguez-Rivas,Dermatology,South Alyssa
17,Snyder-Martin,Orthopedics,Summersport
18,Cooley Ltd,Cardiology,Leroyview
19,Contreras PLC,Dermatology,Zacharyland
20,Stone-Kirk,Cardiology,North Josephville
21,Edwards-Wong,Cardiology,West Daleview
22,Smith PLC,Orthopedics,Jasonstad
23,Reed-Escobar,Cardiology,New Craigland
24,Johnson-Pacheco,Orthopedics,North Curtisburgh
25,"Jackson, Johnson and Arnold",Orthopedics,Port Megan
26,"Wells, Alvarez and Vaughn",Cardiology,Weststad
27,Salas-Schmidt,Cardiology,Carolland
28,Carter Ltd,Cardiology,Lake Kristinside
29,Tran-Mays,Dermatology,Angelaton
30,Chandler-Jones,Orthopedics,West Gregoryburgh
31,Jones LLC,Cardiology,Danielborough
32,Smith and Sons,Cardiology,Robertsonshire
33,King and Sons,Dermatology,South Shannon
34,Robbins Ltd,Cardiology,Coxville
35,"Wong, Davis and Anderson",Dermatology,Kaitlynville
36,"Woods, King and Holt",Dermatology,Lake Allen
37,Koch-Hernandez,Dermatology,Adamville
38,"Jacobson, Mack and Mcguire",Orthopedics,New Melanie
39,Williams PLC,Cardiology,Jenniferchester
40,"Stephenson, Montgomery and Dawson",Dermatology,Ramirezfurt
41,Ballard-Jones,Cardiology,East Colleenborough
42,Johnson PLC,Orthopedics,Vangburgh
43,Lowe-Stewart,Orthopedics,Josephborough
44,"Trevino, Crosby and Figueroa",Orthopedics,Port Sarahmouth
45,Carter-Patterson,Dermatology,Savannahtown
46,"Sanchez, Austin and Byrd",Cardiology,South Stephenfort
47,Gordon-Hernandez,Dermatology,Karenburgh
48,"Grant, Mcclure and Chandler",Cardiology,West Sabrina
49,Bennett and Sons,Dermatology,Port Kenneth
50,Poole Group,Dermatology,East John
51,Pierce-Phillips,Cardiology,South Jackshire
52,Lopez-Wilson,Cardiology,Jenniferside
53,"Garcia, Ortiz and Davis",Dermatology,West Jonathanland
54,Delgado-Black,Orthopedics,New Sarahhaven
55,Esparza-Nolan,Cardiology,East Natalieland
56,Hart Inc,Orthopedics,Hortonburgh
57,"Hill, Thomas and Chavez",Cardiology,Beltranfurt
58,Keller and Sons,Cardiology,Dylanstad
59,David LLC,Dermatology,Ericaville
60,"Oconnor, Gaines and Walsh",Orthopedics,Watersville
61,Evans-Hunter,Orthopedics,Lake Noah
62,Baldwin PLC,Dermatology,Stevenmouth
63,Bennett-Sherman,Orthopedics,Jacksonfurt
64,Roman LLC,Dermatology,Jennifershire
65,Barnes-Dominguez,Cardiology,Lake Ericville
66,Coleman and Sons,Cardiology,New Fred
67,Mays-Rogers,Dermatology,South Heathershire
68,Douglas-Frederick,Dermatology,Port Danamouth
69,Sanders-Velez,Cardiology,Lisabury
70,Barnes and Sons,Dermatology,Spencerburgh
71,"Howell, Cruz and Bowen",Orthopedics,Williamsmouth
72,Faulkner-Strickland,Cardiology,Lake Robinview
73,"Nguyen, Ward and Morris",Dermatology,Lake Catherineborough
74,"Rivera, Brown and Burton",Cardiology,Lake Ryan
75,Luna-Villegas,Orthopedics,Conniefurt
76,Larson-Wilson,Cardiology,Port Michellemouth
77,"Hill, Lyons and Carter",Orthopedics,Dwaynetown
78,Cook and Sons,Cardiology,Christophershire
79,"Morales, Knight and Taylor",Cardiology,Lake Ricardo
80,Campbell Inc,Dermatology,East Autumn
81,"Manning, Jones and Lee",Cardiology,Lake Mark
82,Bautista LLC,Cardiology,New Annette
83,"Gonzalez, Jennings and West",Dermatology,Grahamtown
84,"Newman, Dyer and Warren",Orthopedics,North Sabrina
85,"Martin, Meyers and Hunter",Dermatology,North Samuelchester
86,Walters and Sons,Orthopedics,West Alyssaburgh
87,"Gonzales, Clements and Mcclain",Dermatology,East Ryan
88,Mann Inc,Cardiology,Danielport
89,Moore Group,Dermatology,Lake Amyville
90,Vega-Hardin,Orthopedics,New David
91,Bradley-Dunn,Cardiology,South Theodore
92,"Jones, Scott and Rogers",Cardiology,Lake Frank
93,Harvey Inc,Cardiology,East Chelsea
94,Berry-Walker,Dermatology,Krystaltown
95,Farmer-Ryan,Orthopedics,Kimberlyhaven
96,"Thomas, Barnes and Waller",Cardiology,East Crystalville
97,Martin Ltd,Dermatology,Port Leslie
98,Williamson-Miller,Orthopedics,New Jackmouth
99,Jordan-Flores,Orthopedics,Port Shannonfurt
